{"cameraMode":{"drawMode":0,"name":"Shaded","section":"Shading Mode"},"sceneLighting":false,"audioPlay":false,"sceneViewState":{"showFog":true,"showMaterialUpdate":true,"showSkybox":false,"showFlares":true,"showImageEffects":true,"showParticleSystems":true},"in2DMode":false,"pivot":{"x":-6.179615020751953,"y":3.5059690475463869,"z":-5.0637383460998539},"rotation":{"x":-0.28079625964164736,"y":-0.13136683404445649,"z":0.03881217911839485,"w":-0.9499709606170654},"size":3.695399284362793,"orthographic":false}