{"cameraMode":{"drawMode":0,"name":"Shaded","section":"Shading Mode"},"sceneLighting":true,"audioPlay":false,"sceneViewState":{"showFog":true,"showMaterialUpdate":true,"showSkybox":true,"showFlares":true,"showImageEffects":true,"showParticleSystems":true},"in2DMode":false,"pivot":{"x":624.9750366210938,"y":365.17498779296877,"z":0.0},"rotation":{"x":-0.06136227399110794,"y":-0.004410607740283012,"z":0.000288522569462657,"w":-0.9981750845909119},"size":1296.7252197265625,"orthographic":false}