{"cameraMode":{"drawMode":0,"name":"Shaded","section":"Shading Mode"},"sceneLighting":false,"audioPlay":false,"sceneViewState":{"showFog":true,"showMaterialUpdate":true,"showSkybox":false,"showFlares":true,"showImageEffects":true,"showParticleSystems":true},"in2DMode":false,"pivot":{"x":2.2842137813568117,"y":1.7335323095321656,"z":2.2900092601776125},"rotation":{"x":-0.10061809420585633,"y":-0.02178925648331642,"z":0.002200627699494362,"w":-0.9947294592857361},"size":8.401334762573243,"orthographic":false}