{"cameraMode":{"drawMode":0,"name":"Shaded","section":"Shading Mode"},"sceneLighting":false,"audioPlay":false,"sceneViewState":{"showFog":true,"showMaterialUpdate":true,"showSkybox":false,"showFlares":true,"showImageEffects":true,"showParticleSystems":true},"in2DMode":false,"pivot":{"x":1.1058777570724488,"y":0.5491535663604736,"z":0.6338288187980652},"rotation":{"x":-0.13635462522506715,"y":-0.021693594753742219,"z":0.0029980672989040615,"w":-0.9904586672782898},"size":2.978178024291992,"orthographic":false}