{"cameraMode":{"drawMode":0,"name":"Shaded","section":"Shading Mode"},"sceneLighting":false,"audioPlay":false,"sceneViewState":{"showFog":true,"showMaterialUpdate":true,"showSkybox":false,"showFlares":true,"showImageEffects":true,"showParticleSystems":true},"in2DMode":false,"pivot":{"x":9.78073501586914,"y":1.379921555519104,"z":13.172554969787598},"rotation":{"x":0.22070413827896119,"y":0.21588952839374543,"z":-0.05016355589032173,"w":0.9498301148414612},"size":2.8578836917877199,"orthographic":false}