{"cameraMode":{"drawMode":0,"name":"Shaded","section":"Shading Mode"},"sceneLighting":false,"audioPlay":false,"sceneViewState":{"showFog":true,"showMaterialUpdate":true,"showSkybox":false,"showFlares":true,"showImageEffects":true,"showParticleSystems":true},"in2DMode":false,"pivot":{"x":-3.905412197113037,"y":0.9027999639511108,"z":0.5426526665687561},"rotation":{"x":-0.28346285223960879,"y":0.004877010360360146,"z":-0.0014647707575932146,"w":-0.9590004086494446},"size":8.083097457885743,"orthographic":false}