{"cameraMode":{"drawMode":0,"name":"Shaded","section":"Shading Mode"},"sceneLighting":false,"audioPlay":false,"sceneViewState":{"showFog":true,"showMaterialUpdate":true,"showSkybox":false,"showFlares":true,"showImageEffects":true,"showParticleSystems":true},"in2DMode":false,"pivot":{"x":8.481790542602539,"y":1.5218992233276368,"z":13.545914649963379},"rotation":{"x":0.09463725984096527,"y":-0.025387946516275407,"z":0.0024143282789736988,"w":0.9951872825622559},"size":2.8578836917877199,"orthographic":false}