{"cameraMode":{"drawMode":0,"name":"Shaded","section":"Shading Mode"},"sceneLighting":false,"audioPlay":false,"sceneViewState":{"showFog":true,"showMaterialUpdate":true,"showSkybox":false,"showFlares":true,"showImageEffects":true,"showParticleSystems":true},"in2DMode":false,"pivot":{"x":-0.05430153012275696,"y":0.7910712957382202,"z":0.16040460765361787},"rotation":{"x":-0.2414831668138504,"y":-0.008161967620253563,"z":0.0020157836843281986,"w":-0.9703885316848755},"size":3.278500556945801,"orthographic":false}