{"cameraMode":{"drawMode":0,"name":"Shaded","section":"Shading Mode"},"sceneLighting":false,"audioPlay":false,"sceneViewState":{"showFog":true,"showMaterialUpdate":true,"showSkybox":false,"showFlares":true,"showImageEffects":true,"showParticleSystems":true},"in2DMode":false,"pivot":{"x":-3.1589577198028566,"y":0.6815664768218994,"z":1.727340817451477},"rotation":{"x":-0.1618429273366928,"y":0.5053948760032654,"z":-0.09714431315660477,"w":-0.8419949412345886},"size":8.039554595947266,"orthographic":false}