{"cameraMode":{"drawMode":0,"name":"Shaded","section":"Shading Mode"},"sceneLighting":false,"audioPlay":false,"sceneViewState":{"showFog":true,"showMaterialUpdate":true,"showSkybox":false,"showFlares":true,"showImageEffects":true,"showParticleSystems":true},"in2DMode":false,"pivot":{"x":0.5149894952774048,"y":1.0244414806365967,"z":0.1445307582616806},"rotation":{"x":-0.08261874318122864,"y":-0.048718228936195376,"z":0.004068420268595219,"w":-0.9954449534416199},"size":2.8578836917877199,"orthographic":false}