{"cameraMode":{"drawMode":0,"name":"Shaded","section":"Shading Mode"},"sceneLighting":false,"audioPlay":false,"sceneViewState":{"showFog":true,"showMaterialUpdate":true,"showSkybox":false,"showFlares":true,"showImageEffects":true,"showParticleSystems":true},"in2DMode":false,"pivot":{"x":-0.5577065348625183,"y":0.20499417185783387,"z":-3.069892168045044},"rotation":{"x":-0.05128731206059456,"y":0.0050924536772072319,"z":-0.0002522334107197821,"w":-0.9986943006515503},"size":25.312753677368165,"orthographic":false}