{"cameraMode":{"drawMode":0,"name":"Shaded","section":"Shading Mode"},"sceneLighting":false,"audioPlay":false,"sceneViewState":{"showFog":true,"showMaterialUpdate":true,"showSkybox":false,"showFlares":true,"showImageEffects":true,"showParticleSystems":true},"in2DMode":false,"pivot":{"x":6.828715801239014,"y":1.3566008806228638,"z":-4.35548210144043},"rotation":{"x":-0.13635462522506715,"y":-0.021693594753742219,"z":0.0029980672989040615,"w":-0.9904586672782898},"size":2.8578836917877199,"orthographic":false}