{"cameraMode":{"drawMode":0,"name":"Shaded","section":"Shading Mode"},"sceneLighting":false,"audioPlay":false,"sceneViewState":{"showFog":true,"showMaterialUpdate":true,"showSkybox":false,"showFlares":true,"showImageEffects":true,"showParticleSystems":true},"in2DMode":false,"pivot":{"x":0.34933099150657656,"y":-0.7352117896080017,"z":3.0602214336395265},"rotation":{"x":0.2201741486787796,"y":0.007903333753347397,"z":-0.001783551531843841,"w":0.9754292368888855},"size":8.085956573486329,"orthographic":false}